Rk,Player,brefid, Season,Age,Tm,Lg,WS,G,GS,MP,FG,FGA,2P,2PA,3P,3PA,FT,FTA,ORB,TRB,AST,STL,BLK,TOV,PF,PTS,FG%,FT%,2P%,3P%,eFG%
1,Elena Delle Donne,delleel01w,2019,29,WAS,WNBA,7.7,31,31,901,220,427,168,306,52,121,114,117,48,255,68,19,39,30,32,606,0.515,0.974,0.549,0.43,0.576
2,Jonquel Jones,jonesjo01w,2019,25,CON,WNBA,5.6,34,34,980,173,386,130,247,43,139,108,132,113,330,52,43,68,66,96,497,0.448,0.818,0.526,0.309,0.504
3,Nneka Ogwumike,ogwumnn01w,2019,28,LAS,WNBA,5.5,32,32,892,207,406,184,338,23,68,77,93,73,282,58,60,15,58,92,514,0.51,0.828,0.544,0.338,0.538
4,Sylvia Fowles,fowlesy01w,2019,33,MIN,WNBA,5.3,34,34,1003,197,335,197,335,0,0,70,99,92,302,51,32,47,68,88,464,0.588,0.707,0.588,,0.588
5,Napheesa Collier,collina01w,2019,22,MIN,WNBA,5.2,34,34,1131,167,341,137,258,30,83,80,101,60,223,87,65,32,65,99,444,0.49,0.792,0.531,0.361,0.534
6,Brittney Griner,grinebr01w,2019,28,PHO,WNBA,5,31,31,1018,270,479,269,476,1,3,101,125,51,222,75,22,62,76,85,642,0.564,0.808,0.565,0.333,0.565
7,Natasha Howard,howarna01w,2019,27,SEA,WNBA,4.6,34,34,1066,227,517,195,413,32,104,128,158,92,279,72,74,59,99,100,614,0.439,0.81,0.472,0.308,0.47
8,Liz Cambage,cambael01w,2019,27,LVA,WNBA,4.1,32,30,807,196,389,194,377,2,12,116,155,63,261,68,19,51,72,88,510,0.504,0.748,0.515,0.167,0.506
9,Courtney Vandersloot,vandeco01w,2019,30,CHI,WNBA,4.1,33,33,991,135,299,104,192,31,107,68,80,20,143,300,45,15,96,50,369,0.452,0.85,0.542,0.29,0.503
10,DeWanna Bonner,bonnede01w,2019,31,PHO,WNBA,4,34,34,1120,190,504,138,313,52,191,153,167,34,260,92,44,21,53,55,585,0.377,0.916,0.441,0.272,0.429
11,Emma Meesseman,meessem01w,2019,26,WAS,WNBA,4,23,6,543,122,221,103,176,19,45,38,42,27,97,73,20,15,22,41,301,0.552,0.905,0.585,0.422,0.595
12,Teaira McCowan,mccowte01w,2019,22,IND,WNBA,3.9,34,16,752,119,230,119,230,0,0,103,150,108,305,8,20,44,44,110,341,0.517,0.687,0.517,,0.517
13,Kayla McBride,mcbrika01w,2019,27,LVA,WNBA,3.7,34,34,990,152,358,90,213,62,145,87,96,22,141,88,41,3,59,46,453,0.425,0.906,0.423,0.428,0.511
14,Allie Quigley,quiglal01w,2019,33,CHI,WNBA,3.7,34,34,972,171,347,91,166,80,181,47,54,13,101,85,27,7,46,61,469,0.493,0.87,0.548,0.442,0.608
15,Alyssa Thomas,thomaal01w,2019,27,CON,WNBA,3.7,34,34,1026,168,333,168,332,0,1,60,121,83,264,104,66,13,69,96,396,0.505,0.496,0.506,0,0.505
16,Allisha Gray,grayal01w,2019,24,DAL,WNBA,3.6,34,29,1035,117,256,84,170,33,86,95,112,45,141,78,42,14,49,87,362,0.457,0.848,0.494,0.384,0.521
17,Dearica Hamby,hambyde01w,2019,25,LVA,WNBA,3.6,34,9,842,141,289,124,236,17,53,74,103,76,257,65,33,12,61,71,373,0.488,0.718,0.525,0.321,0.517
18,Leilani Mitchell,mitchle01w,2019,34,PHO,WNBA,3.5,32,27,971,134,304,60,132,74,172,68,82,16,96,128,30,10,58,78,410,0.441,0.829,0.455,0.43,0.563
19,Courtney Williams,willico01w,2019,25,CON,WNBA,3.5,34,34,988,187,430,171,395,16,35,60,75,48,189,129,46,13,56,47,450,0.435,0.8,0.433,0.457,0.453
20,LaToya Sanders,pringla01w,2019,32,WAS,WNBA,3.4,34,34,804,87,172,87,172,0,0,33,37,44,186,66,30,47,30,71,207,0.506,0.892,0.506,,0.506
21,Kristi Toliver,tolivkr01w,2019,32,WAS,WNBA,3.3,23,23,678,116,235,80,135,36,100,30,35,11,67,137,27,2,47,31,298,0.494,0.857,0.593,0.36,0.57
22,Alysha Clark,clarkal01w,2019,31,SEA,WNBA,3.1,31,30,881,114,237,63,131,51,106,18,22,37,145,79,33,17,48,60,297,0.481,0.818,0.481,0.481,0.589
23,Mercedes Russell,russeme01w,2019,23,SEA,WNBA,3.1,34,30,870,106,204,106,204,0,0,42,65,81,207,35,37,17,33,85,254,0.52,0.646,0.52,,0.52
24,A'ja Wilson,wilsoa01w,2019,22,LVA,WNBA,3.1,26,25,740,158,330,158,329,0,1,114,144,43,168,47,13,45,56,52,430,0.479,0.792,0.48,0,0.479
25,Ariel Atkins,atkinar01w,2019,22,WAS,WNBA,3,33,33,804,123,296,72,153,51,143,43,53,24,93,65,48,18,34,73,340,0.416,0.811,0.471,0.357,0.502
26,Chiney Ogwumike,ogwumch01w,2019,27,LAS,WNBA,3,32,14,697,125,253,124,249,1,4,55,68,81,184,25,33,23,42,110,306,0.494,0.809,0.498,0.25,0.496
27,Aerial Powers,powerae01w,2019,25,WAS,WNBA,3,30,7,593,108,249,66,133,42,116,85,98,34,97,45,25,6,44,48,343,0.434,0.867,0.496,0.362,0.518
28,Natalie Achonwa,achonna01w,2019,26,IND,WNBA,2.7,30,18,636,99,203,96,191,3,12,60,66,48,156,48,18,20,29,77,261,0.488,0.909,0.503,0.25,0.495
29,Stefanie Dolson,dolsost01w,2019,27,CHI,WNBA,2.7,34,34,850,121,233,91,150,30,83,44,49,41,189,75,21,34,66,125,316,0.519,0.898,0.607,0.361,0.584
30,Tianna Hawkins,hawkiti01w,2019,28,WAS,WNBA,2.7,31,1,477,113,220,80,129,33,91,37,40,47,129,23,14,4,35,77,296,0.514,0.925,0.62,0.363,0.589
31,Arike Ogunbowale,ogunbar01w,2019,22,DAL,WNBA,2.7,33,28,1059,214,551,157,389,57,162,145,178,20,80,106,35,1,68,85,630,0.388,0.815,0.404,0.352,0.44
32,Elizabeth Williams,williel01w,2019,26,ATL,WNBA,2.7,32,32,909,107,235,107,235,0,0,82,112,99,208,37,24,53,41,71,296,0.455,0.732,0.455,,0.455
33,Cheyenne Parker,parkech01w,2019,26,CHI,WNBA,2.6,34,0,670,107,233,102,215,5,18,80,95,62,197,30,25,42,45,81,299,0.459,0.842,0.474,0.278,0.47
34,Shekinna Stricklen,stricsh01w,2019,28,CON,WNBA,2.6,34,34,804,104,255,28,56,76,199,22,27,9,65,39,34,7,28,79,306,0.408,0.815,0.5,0.382,0.557
35,Natasha Cloud,cloudna01w,2019,27,WAS,WNBA,2.5,34,34,1093,110,279,65,141,45,138,41,60,6,85,189,35,7,65,69,306,0.394,0.683,0.461,0.326,0.475
36,Diamond DeShields,deshidi01w,2019,24,CHI,WNBA,2.4,34,34,1027,192,481,142,323,50,158,117,140,29,187,82,43,14,74,92,551,0.399,0.836,0.44,0.316,0.451
37,Chelsea Gray,graych01w,2019,26,LAS,WNBA,2.4,34,34,1108,188,452,138,321,50,131,66,72,14,128,202,33,3,108,49,492,0.416,0.917,0.43,0.382,0.471
38,Danielle Robinson,robinda01w,2019,30,MIN,WNBA,2.3,34,25,919,138,316,129,275,9,41,58,66,22,118,125,42,7,70,61,343,0.437,0.879,0.469,0.22,0.451
39,Damiris Dantas,dantada01w,2019,26,MIN,WNBA,2.2,26,26,667,89,206,47,99,42,107,19,26,28,116,84,19,15,45,74,239,0.432,0.731,0.475,0.393,0.534
40,Odyssey Sims,simsod01w,2019,26,MIN,WNBA,2.1,34,34,1083,189,455,164,362,25,93,89,112,24,114,185,46,4,112,68,492,0.415,0.795,0.453,0.269,0.443
41,Jasmine Thomas,thomaja01w,2019,29,CON,WNBA,2,34,34,1009,139,355,94,232,45,123,56,70,19,97,175,48,5,93,62,379,0.392,0.8,0.405,0.366,0.455
42,Riquna Williams,williri02w,2019,29,LAS,WNBA,2,23,14,593,93,242,39,104,54,138,44,50,13,60,37,26,4,28,58,284,0.384,0.88,0.375,0.391,0.496
43,Kia Nurse,nurseki01w,2019,23,NYL,WNBA,1.9,34,34,1001,142,361,77,177,65,184,116,133,19,85,78,25,4,56,60,465,0.393,0.872,0.435,0.353,0.483
44,Shatori Walker-Kimbrough,walkesh01w,2019,24,WAS,WNBA,1.9,34,1,580,76,176,54,105,22,71,53,57,17,53,42,28,8,34,41,227,0.432,0.93,0.514,0.31,0.494
45,Candace Parker,parkeca01w,2019,33,LAS,WNBA,1.8,22,22,571,89,211,73,151,16,60,53,67,24,140,76,23,17,54,39,247,0.422,0.791,0.483,0.267,0.46
46,Lexie Brown,brownle02w,2019,24,MIN,WNBA,1.6,33,0,605,84,209,32,74,52,135,30,38,7,45,47,31,1,41,42,250,0.402,0.789,0.432,0.385,0.526
47,Candice Dupree,dupreca01w,2019,34,IND,WNBA,1.6,34,34,1043,174,369,174,366,0,3,47,56,24,169,86,15,19,52,34,395,0.472,0.839,0.475,0,0.472
48,Isabelle Harrison,harriis01w,2019,25,DAL,WNBA,1.6,31,29,794,110,241,110,235,0,6,48,67,72,181,42,35,25,48,80,268,0.456,0.716,0.468,0,0.456
49,Jessica Breland,brelaje01w,2019,31,ATL,WNBA,1.5,33,33,767,104,275,95,237,9,38,29,33,42,240,55,42,35,38,65,246,0.378,0.879,0.401,0.237,0.395
50,Tierra Ruffin-Pratt,ruffiti01w,2019,28,LAS,WNBA,1.5,34,33,856,72,196,47,123,25,73,35,41,20,83,57,26,20,29,91,204,0.367,0.854,0.382,0.342,0.431
51,Brianna Turner,turnebr01w,2019,22,PHO,WNBA,1.4,29,12,462,49,91,49,91,0,0,19,26,45,120,15,7,21,19,50,117,0.538,0.731,0.538,,0.538
52,Erica Wheeler,wheeler01w,2019,28,IND,WNBA,1.4,34,34,850,127,298,79,173,48,125,41,47,5,102,171,40,5,97,74,343,0.426,0.872,0.457,0.384,0.507
53,Amanda Zahui B.,zahuiam01w,2019,25,NYL,WNBA,1.4,24,23,558,81,173,59,104,22,69,23,27,26,152,21,26,33,32,79,207,0.468,0.852,0.567,0.319,0.532
54,Jordin Canada,canadjo01w,2019,23,SEA,WNBA,1.3,30,29,865,112,289,104,246,8,43,63,82,13,71,155,68,7,79,48,295,0.388,0.768,0.423,0.186,0.401
55,Jantel Lavender,lavenja01w,2019,30,CHI,WNBA,1.3,23,22,619,103,210,97,183,6,27,19,21,46,158,26,7,13,32,34,231,0.49,0.905,0.53,0.222,0.505
56,Jewell Loyd,loydje01w,2019,25,SEA,WNBA,1.3,27,21,686,117,299,83,198,34,101,64,69,11,74,54,35,3,52,33,332,0.391,0.928,0.419,0.337,0.448
57,Astou Ndour,ndouras01w,2019,24,CHI,WNBA,1.3,21,11,368,58,118,44,85,14,33,13,18,30,88,14,10,14,14,36,143,0.492,0.722,0.518,0.424,0.551
58,Jackie Young,youngja01w,2019,21,LVA,WNBA,1.3,34,34,767,76,236,62,192,14,44,59,73,23,111,153,26,12,53,47,225,0.322,0.808,0.323,0.318,0.352
59,Kalani Brown,brownka01w,2019,22,LAS,WNBA,1.2,28,0,377,54,113,54,112,0,1,36,46,34,98,17,9,22,29,47,144,0.478,0.783,0.482,0,0.478
60,Sydney Colson,colsosy01w,2019,29,LVA,WNBA,1.2,33,0,379,37,84,28,64,9,20,27,33,2,23,59,31,4,28,40,110,0.44,0.818,0.438,0.45,0.494
61,Glory Johnson,johnsgl01w,2019,28,DAL,WNBA,1.2,28,19,676,78,214,43,111,35,103,14,24,27,144,39,39,18,28,45,205,0.364,0.583,0.387,0.34,0.446
62,Kelsey Plum,plumke01w,2019,24,LVA,WNBA,1.2,34,30,868,107,293,62,168,45,125,34,39,15,97,102,27,4,53,76,293,0.365,0.872,0.369,0.36,0.442
63,Sami Whitcomb,whitcsa01w,2019,30,SEA,WNBA,1.2,33,13,674,82,224,19,40,63,184,11,11,17,57,78,36,4,52,49,238,0.366,1,0.475,0.342,0.507
64,Kelsey Mitchell,mitchke01w,2019,23,IND,WNBA,1.1,34,20,852,167,432,88,221,79,211,51,61,4,56,90,15,4,57,57,464,0.387,0.836,0.398,0.374,0.478
65,Stephanie Talbot,talbost01w,2019,25,MIN,WNBA,1.1,33,10,561,57,154,26,59,31,95,27,31,18,79,41,30,9,42,37,172,0.37,0.871,0.441,0.326,0.471
66,Tiffany Hayes,hayesti01w,2019,29,ATL,WNBA,1,29,29,817,147,374,111,257,36,117,97,127,21,87,82,29,8,70,71,427,0.393,0.764,0.432,0.308,0.441
67,Renee Montgomery,montgre01w,2019,32,ATL,WNBA,0.9,34,34,949,107,289,39,79,68,210,42,51,9,74,90,31,6,64,51,324,0.37,0.824,0.494,0.324,0.488
68,Natisha Hiedeman,hiedena01w,2019,22,CON,WNBA,0.8,20,0,205,24,58,11,30,13,28,12,24,7,30,38,8,2,13,25,73,0.414,0.5,0.367,0.464,0.526
69,Bria Holmes,holmebr01w,2019,25,CON,WNBA,0.8,34,0,529,77,193,57,130,20,63,39,58,10,49,31,16,7,30,36,213,0.399,0.672,0.438,0.317,0.451
70,Tiffany Mitchell,mitchti01w,2019,24,IND,WNBA,0.8,33,14,831,109,286,89,217,20,69,83,93,22,95,71,19,3,55,83,321,0.381,0.892,0.41,0.29,0.416
71,Sydney Wiese,wiesesy01w,2019,24,LAS,WNBA,0.8,32,16,659,55,143,21,50,34,93,9,9,5,42,57,15,8,32,27,153,0.385,1,0.42,0.366,0.503
72,Monique Billings,billimo01w,2019,23,ATL,WNBA,0.7,29,2,553,56,144,55,143,1,1,47,60,61,201,16,17,12,46,66,160,0.389,0.783,0.385,1,0.392
73,Alaina Coates,coateal01w,2019,24,TOT,WNBA,0.7,23,0,167,24,45,24,45,0,0,12,21,21,60,2,5,11,9,37,60,0.533,0.571,0.533,,0.533
74,Megan Gustafson,gustame01w,2019,22,DAL,WNBA,0.7,25,0,238,27,55,26,46,1,9,18,20,20,63,7,4,6,10,26,73,0.491,0.9,0.565,0.111,0.5
75,Marine Johannes,johanma01w,2019,24,NYL,WNBA,0.7,19,0,345,48,110,23,44,25,66,15,19,9,34,46,8,3,22,30,136,0.436,0.789,0.523,0.379,0.55
76,Brionna Jones,jonesbr01w,2019,23,CON,WNBA,0.7,27,0,227,35,75,35,74,0,1,24,36,37,59,9,9,7,19,36,94,0.467,0.667,0.473,0,0.467
77,Theresa Plaisance,plaisth01w,2019,27,TOT,WNBA,0.7,31,12,442,54,146,29,73,25,73,21,26,24,113,34,9,19,31,65,154,0.37,0.808,0.397,0.342,0.455
78,Maria Vadeeva,vadeema01w,2019,20,LAS,WNBA,0.7,15,1,180,51,104,46,88,5,16,10,13,18,58,10,15,3,18,23,117,0.49,0.769,0.523,0.313,0.514
79,Rebecca Allen,allenre01w,2019,26,NYL,WNBA,0.6,24,2,412,65,156,36,88,29,68,13,16,12,61,17,12,18,17,51,172,0.417,0.813,0.409,0.426,0.51
80,Kennedy Burke,burkeke01w,2019,22,IND,WNBA,0.6,31,7,423,45,117,31,77,14,40,31,44,18,45,22,18,10,21,30,135,0.385,0.705,0.403,0.35,0.444
81,Layshia Clarendon,clarela01w,2019,28,CON,WNBA,0.6,9,0,138,18,43,16,41,2,2,18,21,7,22,19,3,0,8,7,56,0.419,0.857,0.39,1,0.442
82,Crystal Langhorne,langhcr01w,2019,32,SEA,WNBA,0.6,34,4,577,70,171,52,114,18,57,33,44,27,106,33,10,9,43,35,191,0.409,0.75,0.456,0.316,0.462
83,Camille Little,littlca01w,2019,34,PHO,WNBA,0.6,29,0,425,40,92,33,71,7,21,25,31,19,69,23,11,8,25,51,112,0.435,0.806,0.465,0.333,0.473
84,Stephanie Mavunga,mavunst01w,2019,24,IND,WNBA,0.6,24,0,204,24,47,24,46,0,1,12,17,21,56,4,6,7,10,39,60,0.511,0.706,0.522,0,0.511
85,Kayla Thornton,thornka01w,2019,26,DAL,WNBA,0.6,27,25,822,99,289,71,186,28,103,54,58,49,143,48,25,8,44,60,280,0.343,0.931,0.382,0.272,0.391
86,Tanisha Wright,wrighta01w,2019,35,NYL,WNBA,0.6,31,17,613,54,130,40,92,14,38,25,31,21,86,126,32,9,57,67,147,0.415,0.806,0.435,0.368,0.469
87,Tamera Young,youngta01w,2019,32,LVA,WNBA,0.6,34,4,628,68,179,63,163,5,16,39,61,35,124,67,23,4,48,61,180,0.38,0.639,0.387,0.313,0.394
88,Alana Beard,beardal01w,2019,37,LAS,WNBA,0.5,16,3,235,22,49,21,44,1,5,7,9,2,24,23,12,3,9,21,52,0.449,0.778,0.477,0.2,0.459
89,Sophie Cunningham,cunniso01w,2019,22,PHO,WNBA,0.5,32,5,389,28,79,14,33,14,46,30,34,6,45,25,11,4,20,53,100,0.354,0.882,0.424,0.304,0.443
90,Reshanda Gray,grayre01w,2019,26,NYL,WNBA,0.5,34,10,519,71,150,70,148,1,2,35,62,62,176,18,16,7,42,113,178,0.473,0.565,0.473,0.5,0.477
91,Briann January,januabr01w,2019,32,PHO,WNBA,0.5,32,26,852,71,182,40,100,31,82,36,43,6,42,103,26,3,54,67,209,0.39,0.837,0.4,0.378,0.475
92,Shey Peddy,peddysh01w,2019,30,WAS,WNBA,0.5,15,0,71,8,13,4,5,4,8,6,6,1,9,8,4,0,3,8,26,0.615,1,0.8,0.5,0.769
93,Sugar Rodgers,rodgesu01w,2019,29,LVA,WNBA,0.5,33,0,382,40,111,10,27,30,84,3,5,4,48,39,13,12,27,37,113,0.36,0.6,0.37,0.357,0.495
94,Essence Carson,carsoes01w,2019,32,PHO,WNBA,0.4,23,13,425,45,128,31,87,14,41,29,37,11,51,35,12,8,17,23,133,0.352,0.784,0.356,0.341,0.406
95,Asia Durr,durras01w,2019,22,NYL,WNBA,0.4,18,15,480,71,152,56,101,15,51,18,22,5,29,31,10,7,21,34,175,0.467,0.818,0.554,0.294,0.516
96,Imani McGee-Stafford,boyetim01w,2019,24,DAL,WNBA,0.4,29,6,346,51,109,50,105,1,4,9,14,44,111,18,17,18,34,58,112,0.468,0.643,0.476,0.25,0.472
97,Nayo Raincock-Ekunwe,raincna01w,2019,27,NYL,WNBA,0.4,28,1,367,43,79,42,76,1,3,16,25,39,77,12,8,4,22,43,103,0.544,0.64,0.553,0.333,0.551
98,Carolyn Swords,swordca01w,2019,29,LVA,WNBA,0.4,29,4,257,32,73,32,73,0,0,11,13,19,63,10,7,3,17,27,75,0.438,0.846,0.438,,0.438
99,Bria Hartley,hartlbr01w,2019,26,NYL,WNBA,0.3,24,18,545,79,210,55,137,24,73,53,66,18,77,76,18,1,50,55,235,0.376,0.803,0.401,0.329,0.433
100,Myisha Hines-Allen,hinesmy01w,2019,23,WAS,WNBA,0.3,27,0,211,25,69,19,53,6,16,7,12,25,58,24,9,11,21,32,63,0.362,0.583,0.358,0.375,0.406
101,Marina Mabrey,mabrema01w,2019,22,LAS,WNBA,0.3,31,0,355,45,131,24,54,21,77,14,16,6,38,30,19,7,24,23,125,0.344,0.875,0.444,0.273,0.424
102,Courtney Paris,parisco01w,2019,31,SEA,WNBA,0.3,30,0,190,6,15,6,15,0,0,3,7,13,52,13,8,3,9,18,15,0.4,0.429,0.4,,0.4
103,Katie Lou Samuelson,samueka02w,2019,22,CHI,WNBA,0.3,20,0,153,12,38,4,9,8,29,16,20,4,17,7,6,2,5,15,48,0.316,0.8,0.444,0.276,0.421
104,Morgan Tuck,tuckmo01w,2019,25,CON,WNBA,0.3,33,0,352,45,116,30,74,15,42,18,30,18,66,28,13,3,30,44,123,0.388,0.6,0.405,0.357,0.453
105,Nia Coffey,coffeni01w,2019,24,ATL,WNBA,0.2,28,6,389,47,139,25,81,22,58,23,42,23,78,12,14,13,21,52,139,0.338,0.548,0.309,0.379,0.417
106,Temi Fagbenle,fagbete01w,2019,26,MIN,WNBA,0.2,18,0,271,42,81,41,75,1,6,13,18,22,52,15,6,6,32,41,98,0.519,0.722,0.547,0.167,0.525
107,Shenise Johnson,johnssh02w,2019,28,IND,WNBA,0.2,17,0,219,30,90,22,57,8,33,15,16,11,35,18,12,2,12,17,83,0.333,0.938,0.386,0.242,0.378
108,Sancho Lyttle,lyttlsa01w,2019,35,PHO,WNBA,0.2,20,2,250,26,62,25,58,1,4,5,8,14,58,6,12,5,12,27,58,0.419,0.625,0.431,0.25,0.427
109,Epiphanny Prince,princep01w,2019,31,LVA,WNBA,0.2,3,0,28,5,10,2,3,3,7,0,0,1,2,3,1,1,0,5,13,0.5,,0.667,0.429,0.65
110,Kayla Alexander,alexaka01w,2019,28,CHI,WNBA,0.1,3,0,20,3,4,3,4,0,0,3,4,2,7,1,0,0,1,3,9,0.75,0.75,0.75,,0.75
111,Kristine Anigwe,anigwkr01w,2019,22,TOT,WNBA,0.1,27,0,250,22,68,22,68,0,0,22,32,28,66,6,9,8,17,39,66,0.324,0.688,0.324,,0.324
112,Tayler Hill,hillta01w,2019,28,DAL,WNBA,0.1,4,2,49,4,13,3,7,1,6,4,5,2,5,3,1,0,0,4,13,0.308,0.8,0.429,0.167,0.346
113,Alexis Jones,jonesal01w,2019,25,LAS,WNBA,0.1,20,1,243,28,70,17,37,11,33,12,15,2,22,36,6,4,27,29,79,0.4,0.8,0.459,0.333,0.479
114,Betnijah Laney,laneybe01w,2019,25,IND,WNBA,0.1,34,27,877,77,213,57,147,20,66,18,31,32,143,59,48,4,49,55,192,0.362,0.581,0.388,0.303,0.408
115,Victoria Macaulay,macauvi01w,2019,28,CHI,WNBA,0.1,5,0,22,2,5,2,5,0,0,2,2,1,4,0,2,1,0,3,6,0.4,1,0.4,,0.4
116,Kim Mestdagh,mestdki01w,2019,29,WAS,WNBA,0.1,15,0,71,7,18,1,3,6,15,2,2,1,4,6,2,0,6,5,22,0.389,1,0.333,0.4,0.556
117,Jessica Shepard,shepaje01w,2019,22,MIN,WNBA,0.1,6,0,112,11,29,10,22,1,7,6,8,9,34,21,2,1,15,9,29,0.379,0.75,0.455,0.143,0.397
118,Shavonte Zellous,zellosh01w,2019,32,SEA,WNBA,0.1,31,4,432,44,116,38,84,6,32,30,40,6,48,45,10,6,35,44,124,0.379,0.75,0.452,0.188,0.405
119,Jillian Alleyne,alleyji01w,2019,24,MIN,WNBA,0,5,0,14,2,6,2,6,0,0,0,0,2,5,1,0,1,0,0,4,0.333,,0.333,,0.333
120,Kenisha Bell,bellke01w,2019,23,MIN,WNBA,0,3,0,11,0,1,0,0,0,1,0,0,0,1,1,0,0,1,1,0,0,,,0,0
121,Brittany Boyd,boydbr01w,2019,26,NYL,WNBA,0,33,17,649,71,180,64,157,7,23,26,34,27,121,151,47,4,81,68,175,0.394,0.765,0.408,0.304,0.414
122,Karima Christmas-Kelly,chriska02w,2019,29,MIN,WNBA,0,6,0,72,5,18,2,7,3,11,3,5,1,5,6,5,1,4,8,16,0.278,0.6,0.286,0.273,0.361
123,Kahleah Copper,coppeka01w,2019,24,CHI,WNBA,0,34,0,502,79,204,64,155,15,49,54,70,12,64,30,14,3,43,51,227,0.387,0.771,0.413,0.306,0.424
124,Jamierra Faulkner,faulkja01w,2019,27,CHI,WNBA,0,13,0,72,6,18,5,9,1,9,4,8,2,4,11,2,0,5,8,17,0.333,0.5,0.556,0.111,0.361
125,Anriel Howard,howaran01w,2019,22,SEA,WNBA,0,3,0,20,2,5,1,3,1,2,0,0,2,3,0,1,0,2,4,5,0.4,,0.333,0.5,0.5
126,Erica McCall,mccaler01w,2019,23,IND,WNBA,0,15,0,104,3,22,3,22,0,0,8,8,11,27,6,1,6,3,13,14,0.136,1,0.136,,0.136
127,Brooke McCarty-Williams,mccarbr01w,2019,23,DAL,WNBA,0,34,3,447,26,90,8,40,18,50,11,12,10,45,64,16,1,29,42,81,0.289,0.917,0.2,0.36,0.389
128,Angel McCoughtry,mccouan01w,2019,32,ATL,WNBA,0,1,1,0,0,0,0,0,0,0,0,0,0,0,0,0,0,0,0,0,,,,,
129,Jaime Nared,naredja01w,2019,23,LVA,WNBA,0,1,0,1,0,0,0,0,0,0,0,0,0,0,0,0,0,0,1,0,,,,,
130,Karlie Samuelson,samueka01w,2019,24,TOT,WNBA,0,7,0,84,3,14,0,2,3,12,0,0,1,4,5,3,1,0,8,9,0.214,,0,0.25,0.321
131,Brittney Sykes,sykesbr01w,2019,25,ATL,WNBA,0,34,27,880,128,351,100,243,28,108,64,91,25,151,85,20,16,68,59,348,0.365,0.703,0.412,0.259,0.405
132,Asia Taylor,tayloas01w,2019,27,TOT,WNBA,0,12,0,96,10,28,10,26,0,2,6,8,8,21,8,2,1,7,10,26,0.357,0.75,0.385,0,0.357
133,Gabby Williams,williga01w,2019,22,CHI,WNBA,0,33,2,527,75,181,68,140,7,41,29,40,14,72,68,23,7,55,41,186,0.414,0.725,0.486,0.171,0.434
134,Han Xu,xuha01w,2019,19,NYL,WNBA,0,18,0,143,24,58,19,48,5,10,1,2,2,15,2,3,4,2,6,54,0.414,0.5,0.396,0.5,0.457
135,Bridget Carleton,carlebr01w,2019,22,TOT,WNBA,-0.1,8,0,40,1,8,0,4,1,4,0,0,1,4,1,0,0,1,2,3,0.125,,0,0.25,0.188
136,Arica Carter,cartear01w,2019,22,PHO,WNBA,-0.1,6,0,24,1,5,1,1,0,4,0,0,0,0,1,1,0,2,5,2,0.2,,1,0,0.2
137,Tina Charles,charlti01w,2019,30,NYL,WNBA,-0.1,33,33,1028,220,566,209,507,11,59,108,133,65,249,78,23,29,85,92,559,0.389,0.812,0.412,0.186,0.398
138,Marie Gulich,gulima01w,2019,25,ATL,WNBA,-0.1,31,1,349,39,108,31,83,8,25,16,22,35,85,19,5,24,32,62,102,0.361,0.727,0.373,0.32,0.398
139,Paris Kea,keapa01w,2019,23,IND,WNBA,-0.1,11,0,60,11,27,6,18,5,9,2,4,1,5,6,1,2,9,4,29,0.407,0.5,0.333,0.556,0.5
140,Kaleena Mosqueda-Lewis,mosquka01w,2019,25,SEA,WNBA,-0.1,31,4,435,65,163,37,81,28,82,14,14,9,36,16,8,5,36,40,172,0.399,1,0.457,0.341,0.485
141,Azura Stevens,steveaz01w,2019,23,DAL,WNBA,-0.1,9,1,144,19,53,18,44,1,9,4,5,15,32,5,5,10,9,12,43,0.358,0.8,0.409,0.111,0.368
142,Shao Ting,tingsh01w,2019,29,MIN,WNBA,-0.1,5,0,27,2,10,2,10,0,0,2,3,2,6,2,0,1,2,6,6,0.2,0.667,0.2,,0.2
143,Ashley Walker,walkeas01w,2019,32,LAS,WNBA,-0.1,3,0,22,1,11,1,6,0,5,0,0,2,3,3,1,0,0,4,2,0.091,,0.167,0,0.091
144,Rachel Banham,banhara01w,2019,25,CON,WNBA,-0.2,29,0,353,37,115,15,43,22,72,9,13,1,30,26,8,2,26,34,105,0.322,0.692,0.349,0.306,0.417
145,Maite Cazorla,cazorma01w,2019,22,ATL,WNBA,-0.2,31,1,477,29,93,16,38,13,55,21,24,2,21,49,18,1,29,22,92,0.312,0.875,0.421,0.236,0.382
146,Blake Dietrick,dietrbl01w,2019,25,SEA,WNBA,-0.2,17,1,106,1,10,1,4,0,6,4,6,1,10,16,3,2,10,14,6,0.1,0.667,0.25,0,0.1
147,Chloe Jackson,jacksch01w,2019,22,CHI,WNBA,-0.2,8,0,32,2,9,2,9,0,0,1,6,3,6,4,5,0,6,1,5,0.222,0.167,0.222,,0.222
148,JiSu Park,parkji01w,2019,20,LVA,WNBA,-0.2,25,0,163,8,37,8,36,0,1,4,9,10,27,10,5,4,7,23,20,0.216,0.444,0.222,0,0.216
149,Haley Peters,peterha01w,2019,26,ATL,WNBA,-0.2,4,0,26,0,7,0,7,0,0,2,2,1,2,1,1,1,4,3,2,0,1,0,,0
150,Avery Warley-Talbert,warleav01w,2019,32,NYL,WNBA,-0.2,3,0,35,1,5,1,5,0,0,1,2,3,7,0,0,2,4,7,3,0.2,0.5,0.2,,0.2
151,Tiffany Bias,biasti01w,2019,27,NYL,WNBA,-0.3,12,0,105,7,28,4,9,3,19,6,7,0,6,11,3,0,8,7,23,0.25,0.857,0.444,0.158,0.304
152,Yvonne Turner,turneyv01w,2019,31,PHO,WNBA,-0.3,29,14,595,59,172,33,93,26,79,43,49,8,80,67,18,2,59,37,187,0.343,0.878,0.355,0.329,0.419
153,Seimone Augustus,augusse01w,2019,35,MIN,WNBA,-0.4,12,7,156,20,64,18,52,2,12,3,4,2,7,15,5,1,12,5,45,0.313,0.75,0.346,0.167,0.328
154,Diana Taurasi,tauradi01w,2019,37,PHO,WNBA,-0.4,6,6,129,4,39,3,15,1,24,17,18,1,19,32,2,1,13,15,26,0.103,0.944,0.2,0.042,0.115
155,Alanna Smith,smithal01w,2019,22,PHO,WNBA,-0.5,18,0,134,8,41,6,23,2,18,1,2,11,35,4,5,5,8,18,19,0.195,0.5,0.261,0.111,0.22
156,Alex Bentley,bentlal01w,2019,28,ATL,WNBA,-1,29,4,634,99,323,67,187,32,136,30,35,10,54,86,21,9,44,56,260,0.307,0.857,0.358,0.235,0.356
157,Kaela Davis,daviska01w,2019,24,DAL,WNBA,-1.8,33,16,634,76,231,60,180,16,51,29,33,16,73,69,18,6,73,79,197,0.329,0.879,0.333,0.314,0.364